<?xml version="1.0" encoding="UTF-8"?>
<project-private xmlns="http://www.netbeans.org/ns/project-private/1">
    <editor-bookmarks xmlns="http://www.netbeans.org/ns/editor-bookmarks/2" lastBookmarkId="0"/>
    <open-files xmlns="http://www.netbeans.org/ns/projectui-open-files/2">
        <group>
            <file>file:/C:/Users/Pc/Documents/NetBeansProjects/ClienteJava/src/vista/Registro.java</file>
            <file>file:/C:/Users/Pc/Documents/NetBeansProjects/ClienteJava/src/controlador/CRegistro.java</file>
            <file>file:/C:/Users/Pc/Documents/NetBeansProjects/ClienteJava/src/modelo/cliente.java</file>
            <file>file:/C:/Users/Pc/Documents/NetBeansProjects/ClienteJava/src/vista/Login.java</file>
            <file>file:/C:/Users/Pc/Documents/NetBeansProjects/ClienteJava/src/modelo/TestWS.java</file>
            <file>file:/C:/Users/Pc/Documents/NetBeansProjects/ClienteJava/src/vista/Cuentau.java</file>
            <file>file:/C:/Users/Pc/Documents/NetBeansProjects/ClienteJava/src/controlador/CLogin.java</file>
        </group>
    </open-files>
</project-private>
